{"id":"APP_MODEL-95102fdc-4c8e-4674-a456-73c6ef078fbc","name":"Flowable Rpa","key":"flowableRpa","description":"","editorJson":{"models":[{"id":"PROCESS_MODEL-297a26d4-fe45-4527-8e11-b7832b449d9f","name":"FR_P001 Nintendo Switch Best Offers","version":1,"modelType":0,"createdBy":"admin","lastUpdatedBy":"admin","lastUpdated":"2022-12-05T14:23:39.516+00:00","key":"FR_P001","tenantId":"default","tags":[]},{"id":"PROCESS_MODEL-cc3de036-ade3-439e-ae18-b33e2e6207b6","name":"FR_P004 Analyze Data By Store Process","version":1,"modelType":0,"description":"","createdBy":"admin","lastUpdatedBy":"admin","lastUpdated":"2022-12-05T14:23:39.526+00:00","key":"FR_P004","tenantId":"default","tags":[]},{"id":"PROCESS_MODEL-dffe92de-7400-4e64-9489-30ad05228252","name":"FR_P010 New Nintendo Switch Search Process","version":1,"modelType":0,"createdBy":"admin","lastUpdatedBy":"admin","lastUpdated":"2022-12-05T14:23:39.494+00:00","key":"FR_P010","tenantId":"default","tags":[]},{"id":"PROCESS_MODEL-1b0849ea-8358-4f74-b0c7-2d428fb2ed4d","name":"FR_P011 Buy Console Form","version":1,"modelType":0,"createdBy":"admin","lastUpdatedBy":"admin","lastUpdated":"2022-12-05T14:23:39.484+00:00","key":"FR_P011","tenantId":"default","tags":[]}],"cmmnModels":[{"id":"CASE_MODEL-afea23c3-26ef-4f92-b2a7-4b8c23915d9c","name":"FR_C001 Search Nintendo Witch Case","version":3,"modelType":5,"description":"","createdBy":"admin","lastUpdatedBy":"admin","lastUpdated":"2022-12-09T10:50:03.171+00:00","key":"FR_C001","tenantId":"default","tags":[]}],"formModels":[{"id":"FORM_MODEL-cf6393bf-d617-4326-b9f4-62a6f92e70cf","name":"FR_F004 Choose Notification Options Form","version":1,"modelType":2,"createdBy":"admin","lastUpdatedBy":"admin","lastUpdated":"2022-12-05T14:23:39.374+00:00","key":"FR_F004","tenantId":"default","tags":[]}],"dmnModels":[],"decisionServiceModels":[],"workModels":[{"id":"TEMPLATE_MODEL-6a6b74a7-a8e7-41d3-b919-315cbef860fa","name":"FR_T001 Email Body Template","version":1,"modelType":15,"createdBy":"admin","lastUpdatedBy":"admin","lastUpdated":"2022-12-05T14:23:39.478+00:00","key":"FR_T001","tenantId":"default","tags":[]}],"linkedModels":[],"pages":[],"theme":"theme-1","icon":"glyphicon-asterisk","flowApp":false,"i18n":{},"isRelease":false}}