{"id":"FORM_MODEL-770c8d4f-188e-4307-a93c-850800b56840","name":"FR_F003 Start Search Consoles Start Form","key":"FR_F003","description":"","tenantId":"default","editorJson":{"resourceId":"editor_FORM_MODEL-770c8d4f-188e-4307-a93c-850800b56840","stencil":{"id":"XForm"},"pathProperties":{"outcomes":"outcomes","outcomevariablename":"outcomeVariableName","events":"extraSettings.events","dialog-size":"dialogSize","dialog-size-run":"dialogSize","dialog-title":"dialogTitle","dialog-title_en_us":"i18n.en_us.dialogTitle","dialog-title_it_it":"i18n.it_it.dialogTitle","dialog-title_es_es":"i18n.es_es.dialogTitle","dialog-title_fr_fr":"i18n.fr_fr.dialogTitle","dialog-title_de_de":"i18n.de_de.dialogTitle","dialog-title_i18n-key":"dialogTitle","dialog-description":"dialogDescription","force-validation":"forceValidation","custom-validations":"customValidations","validation-panel-display":"extraSettings.validationPanelDisplay"},"pathMappingProperties":{},"xmlProperties":[],"childShapes":[{"resourceId":"panel1","stencil":{"id":"SlotPanel"},"pathProperties":{"id":"id"},"pathMappingProperties":{},"xmlProperties":[],"childShapes":[{"resourceId":"float-number1","stencil":{"id":"FloatNumber"},"pathProperties":{"placeholder":"placeholder","placeholder_en_us":"i18n.en_us.placeholder","placeholder_it_it":"i18n.it_it.placeholder","placeholder_es_es":"i18n.es_es.placeholder","placeholder_fr_fr":"i18n.fr_fr.placeholder","placeholder_de_de":"i18n.de_de.placeholder","placeholder_i18n-key":"placeholder","label-position":"labelAlign","tooltip":"tooltip","tooltip_en_us":"i18n.en_us.tooltip","tooltip_it_it":"i18n.it_it.tooltip","tooltip_es_es":"i18n.es_es.tooltip","tooltip_fr_fr":"i18n.fr_fr.tooltip","tooltip_de_de":"i18n.de_de.tooltip","tooltip_i18n-key":"tooltip","value":"value","default-value":"defaultValue","description":"description","description_en_us":"i18n.en_us.description","description_it_it":"i18n.it_it.description","description_es_es":"i18n.es_es.description","description_fr_fr":"i18n.fr_fr.description","description_de_de":"i18n.de_de.description","description_i18n-key":"description","col-span":"size","ignored":"ignore","ignored-run":"ignore","visible":"visible","visible-run":"visible","enabled":"enabled","enabled-run":"enabled","required":"isRequired","required-run":"isRequired","style-class":"styleClass","custom-validations":"customValidations","validation-panel-display":"extraSettings.validationPanelDisplay","label":"label","label_en_us":"i18n.en_us.label","label_it_it":"i18n.it_it.label","label_es_es":"i18n.es_es.label","label_fr_fr":"i18n.fr_fr.label","label_de_de":"i18n.de_de.label","label_i18n-key":"label","id":"id","modelevents":"modelEvents","min-value":"extraSettings.min","min-value-run":"extraSettings.min","min-error-msg":"extraSettings.minValueErrorMessage","min-error-msg_en_us":"i18n.en_us.extraSettings.minValueErrorMessage","min-error-msg_it_it":"i18n.it_it.extraSettings.minValueErrorMessage","min-error-msg_es_es":"i18n.es_es.extraSettings.minValueErrorMessage","min-error-msg_fr_fr":"i18n.fr_fr.extraSettings.minValueErrorMessage","min-error-msg_de_de":"i18n.de_de.extraSettings.minValueErrorMessage","min-error-msg_i18n-key":"extraSettings.minValueErrorMessage","max-value":"extraSettings.max","max-value-run":"extraSettings.max","max-error-msg":"extraSettings.maxValueErrorMessage","max-error-msg_en_us":"i18n.en_us.extraSettings.maxValueErrorMessage","max-error-msg_it_it":"i18n.it_it.extraSettings.maxValueErrorMessage","max-error-msg_es_es":"i18n.es_es.extraSettings.maxValueErrorMessage","max-error-msg_fr_fr":"i18n.fr_fr.extraSettings.maxValueErrorMessage","max-error-msg_de_de":"i18n.de_de.extraSettings.maxValueErrorMessage","max-error-msg_i18n-key":"extraSettings.maxValueErrorMessage","number-type":"extraSettings.numberType","fraction-size":"extraSettings.fractionSize","fraction-size-run":"extraSettings.fractionSize","number-format":"extraSettings.numberFormat","number-provider-type":"extraSettings.type"},"pathMappingProperties":{},"xmlProperties":[],"childShapes":[],"bounds":{"lowerRight":{"x":984,"y":264.87473846153847},"upperLeft":{"x":15,"y":216.87473846153847}},"outputmappingproperties":{"custom-validations":{"type":"formlist","placeholders":[]},"modelevents":{"type":"formlist","placeholders":[]}},"properties":{"stencilid":"cloud-float-number","stencilsuperid":"FloatNumber","stencilsuperids":["FloatNumber"],"customstencil":false,"bordercolor":"#000000","notes":"","placeholder":"","placeholder_en_us":"","placeholder_it_it":"","placeholder_es_es":"","placeholder_fr_fr":"","placeholder_de_de":"","placeholder_i18n-key":"","label-position":"top","tooltip":"","tooltip_en_us":"","tooltip_it_it":"","tooltip_es_es":"","tooltip_fr_fr":"","tooltip_de_de":"","tooltip_i18n-key":"","value":"{{maxPrice}}","default-value":"","description":"","description_en_us":"","description_it_it":"","description_es_es":"","description_fr_fr":"","description_de_de":"","description_i18n-key":"","col-span":"1","ignored":false,"ignored-run":"","visible":true,"visible-run":"","enabled":true,"enabled-run":"","required":false,"required-run":"","style-class":"","documentation":"","custom-validations":"","validation-panel-display":"show","label":"Maximum price to expend","label_en_us":"Maximum price to expend","label_it_it":"","label_es_es":"","label_fr_fr":"","label_de_de":"","label_i18n-key":"","id":"float-number1","width":"200","height":"","col":1,"col-align":"fill","col-weight":"","row":3,"row-align":"top","row-weight":"","size":12,"description-position":"bottom","description-align":"left","node-type":"","modelevents":"","min-value":"0","min-value-run":"0","min-error-msg":"","min-error-msg_en_us":"","min-error-msg_it_it":"","min-error-msg_es_es":"","min-error-msg_fr_fr":"","min-error-msg_de_de":"","min-error-msg_i18n-key":"","max-value":"","max-value-run":"","max-error-msg":"","max-error-msg_en_us":"","max-error-msg_it_it":"","max-error-msg_es_es":"","max-error-msg_fr_fr":"","max-error-msg_de_de":"","max-error-msg_i18n-key":"","number-type":"float","fraction-size":"2","fraction-size-run":"2","number-format":",.","number-provider-type":"one","xmlTag":"number"},"ssextensions":[],"outgoing":[],"dockers":[],"labels":[{"styles":{"fill":"#000000","size":"12","italic":false,"bold":false},"ref":"label_text"},{"styles":{"fill":"#000000","size":"12","italic":false,"bold":false},"ref":"input_text"},{"styles":{"fill":"#000000","size":"12","italic":false,"bold":false},"ref":"desc_text"}]},{"resourceId":"multi-select1","stencil":{"id":"base-multi-select"},"pathProperties":{"tags-enabled":"extraSettings.tagsEnabled","preselect-all":"extraSettings.preselectAll","client-side-filtering":"extraSettings.clientSideFiltering","selection-error-msg":"extraSettings.selectionErrorMessage","selection-error-msg_en_us":"i18n.en_us.extraSettings.selectionErrorMessage","selection-error-msg_it_it":"i18n.it_it.extraSettings.selectionErrorMessage","selection-error-msg_es_es":"i18n.es_es.extraSettings.selectionErrorMessage","selection-error-msg_fr_fr":"i18n.fr_fr.extraSettings.selectionErrorMessage","selection-error-msg_de_de":"i18n.de_de.extraSettings.selectionErrorMessage","selection-error-msg_i18n-key":"extraSettings.selectionErrorMessage","min-error-msg":"extraSettings.minItemsErrorMessage","min-error-msg_en_us":"i18n.en_us.extraSettings.minItemsErrorMessage","min-error-msg_it_it":"i18n.it_it.extraSettings.minItemsErrorMessage","min-error-msg_es_es":"i18n.es_es.extraSettings.minItemsErrorMessage","min-error-msg_fr_fr":"i18n.fr_fr.extraSettings.minItemsErrorMessage","min-error-msg_de_de":"i18n.de_de.extraSettings.minItemsErrorMessage","min-error-msg_i18n-key":"extraSettings.minItemsErrorMessage","max-error-msg":"extraSettings.maxItemsErrorMessage","max-error-msg_en_us":"i18n.en_us.extraSettings.maxItemsErrorMessage","max-error-msg_it_it":"i18n.it_it.extraSettings.maxItemsErrorMessage","max-error-msg_es_es":"i18n.es_es.extraSettings.maxItemsErrorMessage","max-error-msg_fr_fr":"i18n.fr_fr.extraSettings.maxItemsErrorMessage","max-error-msg_de_de":"i18n.de_de.extraSettings.maxItemsErrorMessage","max-error-msg_i18n-key":"extraSettings.maxItemsErrorMessage","min-items":"extraSettings.minItems","min-items-run":"extraSettings.minItems","max-items":"extraSettings.maxItems","max-items-run":"extraSettings.maxItems","enable-autocomplete":"extraSettings.enableAutocomplete","autocomplete-min-length":"extraSettings.autocompleteMinLength","autocomplete-min-length-run":"extraSettings.autocompleteMinLength","placeholder":"placeholder","placeholder_en_us":"i18n.en_us.placeholder","placeholder_it_it":"i18n.it_it.placeholder","placeholder_es_es":"i18n.es_es.placeholder","placeholder_fr_fr":"i18n.fr_fr.placeholder","placeholder_de_de":"i18n.de_de.placeholder","placeholder_i18n-key":"placeholder","enabled":"enabled","enabled-run":"enabled","datasource":"extraSettings.dataSource","options":"extraSettings.items","options-run":"extraSettings.items","table-key":"extraSettings.tableKey","table-key-run":"extraSettings.tableKey","master-data-include-translations":"extraSettings.masterDataIncludeTranslations","query-url":"extraSettings.queryUrl","query-url-run":"extraSettings.queryUrl","lookup-url":"extraSettings.lookupUrl","lookup-url-run":"extraSettings.lookupUrl","query-params":"extraSettings.queryParams","path":"extraSettings.path","search-query":"extraSettings.searchQuery","link-target-view":"extraSettings.linkTargetView","format-item":"extraSettings.formatItem","auto-complete-type":"extraSettings.storage","serialize-item":"extraSettings.identity","serialize-item-master":"extraSettings.identity","serialize-item-full":"extraSettings.identity","link-item":"extraSettings.linkUrl","link-target":"extraSettings.linkTarget","label-position":"labelAlign","tooltip":"tooltip","tooltip_en_us":"i18n.en_us.tooltip","tooltip_it_it":"i18n.it_it.tooltip","tooltip_es_es":"i18n.es_es.tooltip","tooltip_fr_fr":"i18n.fr_fr.tooltip","tooltip_de_de":"i18n.de_de.tooltip","tooltip_i18n-key":"tooltip","value":"value","default-value":"defaultValue","description":"description","description_en_us":"i18n.en_us.description","description_it_it":"i18n.it_it.description","description_es_es":"i18n.es_es.description","description_fr_fr":"i18n.fr_fr.description","description_de_de":"i18n.de_de.description","description_i18n-key":"description","col-span":"size","ignored":"ignore","ignored-run":"ignore","visible":"visible","visible-run":"visible","required":"isRequired","required-run":"isRequired","style-class":"styleClass","custom-validations":"customValidations","validation-panel-display":"extraSettings.validationPanelDisplay","label":"label","label_en_us":"i18n.en_us.label","label_it_it":"i18n.it_it.label","label_es_es":"i18n.es_es.label","label_fr_fr":"i18n.fr_fr.label","label_de_de":"i18n.de_de.label","label_i18n-key":"label","id":"id","modelevents":"modelEvents","multi":"extraSettings.multi"},"pathMappingProperties":{"dataobjectselectsearch":{"operationKey":"extraSettings.dataObjectOperationKey","queryParams":"extraSettings.queryParams","lookupIdName":"extraSettings.identity","key":"extraSettings.dataObjectDefinitionKey"},"dataobjectselectsearch-run":{"operationKey":"extraSettings.dataObjectOperationKey","queryParams":"extraSettings.queryParams","lookupIdName":"extraSettings.identity","key":"extraSettings.dataObjectDefinitionKey"}},"xmlProperties":["tags-enabled","preselect-all","client-side-filtering","table-key","table-key-run","query-url","query-url-run","lookup-url","lookup-url-run","dataobjectselectsearch","dataobjectselectsearch-run","query-params","path","format-item","auto-complete-type","serialize-item","serialize-item-master","serialize-item-full","link-item"],"childShapes":[],"bounds":{"lowerRight":{"x":984,"y":215.78941606284025},"upperLeft":{"x":15,"y":120.93736923076924}},"outputmappingproperties":{"options":{"type":"formlist","placeholders":[]},"query-params":{"type":"formlist","placeholders":[]},"custom-validations":{"type":"formlist","placeholders":[]},"modelevents":{"type":"formlist","placeholders":[]}},"properties":{"stencilid":"cloud-multi-select","stencilsuperid":"base-multi-select","stencilsuperids":["base-multi-select"],"customstencil":false,"tags-enabled":false,"notes":"","preselect-all":false,"client-side-filtering":false,"selection-error-msg":"","selection-error-msg_en_us":"","selection-error-msg_it_it":"","selection-error-msg_es_es":"","selection-error-msg_fr_fr":"","selection-error-msg_de_de":"","selection-error-msg_i18n-key":"","min-error-msg":"","min-error-msg_en_us":"","min-error-msg_it_it":"","min-error-msg_es_es":"","min-error-msg_fr_fr":"","min-error-msg_de_de":"","min-error-msg_i18n-key":"","max-error-msg":"","max-error-msg_en_us":"","max-error-msg_it_it":"","max-error-msg_es_es":"","max-error-msg_fr_fr":"","max-error-msg_de_de":"","max-error-msg_i18n-key":"","min-items":"","min-items-run":"","max-items":"","max-items-run":"","enable-autocomplete":false,"autocomplete-min-length":"1","autocomplete-min-length-run":"","placeholder":"","placeholder_en_us":"","placeholder_it_it":"","placeholder_es_es":"","placeholder_fr_fr":"","placeholder_de_de":"","placeholder_i18n-key":"","enabled":true,"enabled-run":"","datasource":"Static","options":{"totalCount":3,"items":[{"text":"El Corte Inglés","value":"elCorteIngles"},{"text":"FNAC","value":"fnac"},{"text":"MediaMarkt","value":"mediaMarkt"}]},"options-run":"","table-key":"","table-key-run":"md-department-stores","master-data-include-translations":false,"query-url":"","query-url-run":"","lookup-url":"","lookup-url-run":"","dataobjectselectsearch":"","dataobjectselectsearch-run":"","query-params":"","path":"","search-query":"","link-target-view":"browse","format-item":"","auto-complete-type":"Id","serialize-item":"value","serialize-item-master":"id","link-item":"","link-target":"_blank","label-position":"top","tooltip":"","tooltip_en_us":"","tooltip_it_it":"","tooltip_es_es":"","tooltip_fr_fr":"","tooltip_de_de":"","tooltip_i18n-key":"","value":"{{departmentStores}}","default-value":"","description":"","description_en_us":"","description_it_it":"","description_es_es":"","description_fr_fr":"","description_de_de":"","description_i18n-key":"","col-span":"1","ignored":false,"ignored-run":"","visible":true,"visible-run":"","required":true,"required-run":"","style-class":"","documentation":"","custom-validations":"","validation-panel-display":"show","label":"Select department stores","label_en_us":"Select department stores","label_it_it":"","label_es_es":"","label_fr_fr":"","label_de_de":"","label_i18n-key":"","id":"multi-select1","width":"200","height":"","col":1,"col-align":"fill","col-weight":"","row":2,"row-align":"top","row-weight":"","size":12,"description-position":"bottom","description-align":"left","node-type":"","modelevents":"","multi":true,"xmlTag":"select"},"ssextensions":[],"outgoing":[],"dockers":[],"labels":[{"styles":{"fill":"#000000","size":"12","italic":false,"bold":false},"ref":"label_text"},{"styles":{"fill":"#000000","size":"12","italic":false,"bold":false},"ref":"input_text"},{"styles":{"fill":"#000000","size":"12","italic":false,"bold":false},"ref":"desc_text"}]},{"resourceId":"multi-select2","stencil":{"id":"base-multi-select"},"pathProperties":{"tags-enabled":"extraSettings.tagsEnabled","preselect-all":"extraSettings.preselectAll","client-side-filtering":"extraSettings.clientSideFiltering","selection-error-msg":"extraSettings.selectionErrorMessage","selection-error-msg_en_us":"i18n.en_us.extraSettings.selectionErrorMessage","selection-error-msg_it_it":"i18n.it_it.extraSettings.selectionErrorMessage","selection-error-msg_es_es":"i18n.es_es.extraSettings.selectionErrorMessage","selection-error-msg_fr_fr":"i18n.fr_fr.extraSettings.selectionErrorMessage","selection-error-msg_de_de":"i18n.de_de.extraSettings.selectionErrorMessage","selection-error-msg_i18n-key":"extraSettings.selectionErrorMessage","min-error-msg":"extraSettings.minItemsErrorMessage","min-error-msg_en_us":"i18n.en_us.extraSettings.minItemsErrorMessage","min-error-msg_it_it":"i18n.it_it.extraSettings.minItemsErrorMessage","min-error-msg_es_es":"i18n.es_es.extraSettings.minItemsErrorMessage","min-error-msg_fr_fr":"i18n.fr_fr.extraSettings.minItemsErrorMessage","min-error-msg_de_de":"i18n.de_de.extraSettings.minItemsErrorMessage","min-error-msg_i18n-key":"extraSettings.minItemsErrorMessage","max-error-msg":"extraSettings.maxItemsErrorMessage","max-error-msg_en_us":"i18n.en_us.extraSettings.maxItemsErrorMessage","max-error-msg_it_it":"i18n.it_it.extraSettings.maxItemsErrorMessage","max-error-msg_es_es":"i18n.es_es.extraSettings.maxItemsErrorMessage","max-error-msg_fr_fr":"i18n.fr_fr.extraSettings.maxItemsErrorMessage","max-error-msg_de_de":"i18n.de_de.extraSettings.maxItemsErrorMessage","max-error-msg_i18n-key":"extraSettings.maxItemsErrorMessage","min-items":"extraSettings.minItems","min-items-run":"extraSettings.minItems","max-items":"extraSettings.maxItems","max-items-run":"extraSettings.maxItems","enable-autocomplete":"extraSettings.enableAutocomplete","autocomplete-min-length":"extraSettings.autocompleteMinLength","autocomplete-min-length-run":"extraSettings.autocompleteMinLength","placeholder":"placeholder","placeholder_en_us":"i18n.en_us.placeholder","placeholder_it_it":"i18n.it_it.placeholder","placeholder_es_es":"i18n.es_es.placeholder","placeholder_fr_fr":"i18n.fr_fr.placeholder","placeholder_de_de":"i18n.de_de.placeholder","placeholder_i18n-key":"placeholder","enabled":"enabled","enabled-run":"enabled","datasource":"extraSettings.dataSource","options":"extraSettings.items","options-run":"extraSettings.items","table-key":"extraSettings.tableKey","table-key-run":"extraSettings.tableKey","master-data-include-translations":"extraSettings.masterDataIncludeTranslations","query-url":"extraSettings.queryUrl","query-url-run":"extraSettings.queryUrl","lookup-url":"extraSettings.lookupUrl","lookup-url-run":"extraSettings.lookupUrl","query-params":"extraSettings.queryParams","path":"extraSettings.path","search-query":"extraSettings.searchQuery","link-target-view":"extraSettings.linkTargetView","format-item":"extraSettings.formatItem","auto-complete-type":"extraSettings.storage","serialize-item":"extraSettings.identity","serialize-item-master":"extraSettings.identity","serialize-item-full":"extraSettings.identity","link-item":"extraSettings.linkUrl","link-target":"extraSettings.linkTarget","label-position":"labelAlign","tooltip":"tooltip","tooltip_en_us":"i18n.en_us.tooltip","tooltip_it_it":"i18n.it_it.tooltip","tooltip_es_es":"i18n.es_es.tooltip","tooltip_fr_fr":"i18n.fr_fr.tooltip","tooltip_de_de":"i18n.de_de.tooltip","tooltip_i18n-key":"tooltip","value":"value","default-value":"defaultValue","description":"description","description_en_us":"i18n.en_us.description","description_it_it":"i18n.it_it.description","description_es_es":"i18n.es_es.description","description_fr_fr":"i18n.fr_fr.description","description_de_de":"i18n.de_de.description","description_i18n-key":"description","col-span":"size","ignored":"ignore","ignored-run":"ignore","visible":"visible","visible-run":"visible","required":"isRequired","required-run":"isRequired","style-class":"styleClass","custom-validations":"customValidations","validation-panel-display":"extraSettings.validationPanelDisplay","label":"label","label_en_us":"i18n.en_us.label","label_it_it":"i18n.it_it.label","label_es_es":"i18n.es_es.label","label_fr_fr":"i18n.fr_fr.label","label_de_de":"i18n.de_de.label","label_i18n-key":"label","id":"id","modelevents":"modelEvents","multi":"extraSettings.multi"},"pathMappingProperties":{"dataobjectselectsearch":{"operationKey":"extraSettings.dataObjectOperationKey","queryParams":"extraSettings.queryParams","lookupIdName":"extraSettings.identity","key":"extraSettings.dataObjectDefinitionKey"},"dataobjectselectsearch-run":{"operationKey":"extraSettings.dataObjectOperationKey","queryParams":"extraSettings.queryParams","lookupIdName":"extraSettings.identity","key":"extraSettings.dataObjectDefinitionKey"}},"xmlProperties":["tags-enabled","preselect-all","client-side-filtering","table-key","table-key-run","query-url","query-url-run","lookup-url","lookup-url-run","dataobjectselectsearch","dataobjectselectsearch-run","query-params","path","format-item","auto-complete-type","serialize-item","serialize-item-master","serialize-item-full","link-item"],"childShapes":[],"bounds":{"lowerRight":{"x":984,"y":95.93736923076924},"upperLeft":{"x":15,"y":25}},"outputmappingproperties":{"options":{"type":"formlist","placeholders":[]},"query-params":{"type":"formlist","placeholders":[]},"custom-validations":{"type":"formlist","placeholders":[]},"modelevents":{"type":"formlist","placeholders":[]}},"properties":{"stencilid":"cloud-multi-select","stencilsuperid":"base-multi-select","stencilsuperids":["base-multi-select"],"customstencil":false,"tags-enabled":false,"notes":"","preselect-all":false,"client-side-filtering":false,"selection-error-msg":"","selection-error-msg_en_us":"","selection-error-msg_it_it":"","selection-error-msg_es_es":"","selection-error-msg_fr_fr":"","selection-error-msg_de_de":"","selection-error-msg_i18n-key":"","min-error-msg":"","min-error-msg_en_us":"","min-error-msg_it_it":"","min-error-msg_es_es":"","min-error-msg_fr_fr":"","min-error-msg_de_de":"","min-error-msg_i18n-key":"","max-error-msg":"","max-error-msg_en_us":"","max-error-msg_it_it":"","max-error-msg_es_es":"","max-error-msg_fr_fr":"","max-error-msg_de_de":"","max-error-msg_i18n-key":"","min-items":"","min-items-run":"","max-items":"","max-items-run":"","enable-autocomplete":false,"autocomplete-min-length":"1","autocomplete-min-length-run":"","placeholder":"","placeholder_en_us":"","placeholder_it_it":"","placeholder_es_es":"","placeholder_fr_fr":"","placeholder_de_de":"","placeholder_i18n-key":"","enabled":true,"enabled-run":"","datasource":"Static","options":{"totalCount":3,"items":[{"text":"Nintendo Switch OLED","value":"oled"},{"text":"Nintendo Switch Lite","value":"lite"},{"text":"Nintendo Switch","value":"normal"}]},"options-run":"","table-key":"","table-key-run":"","master-data-include-translations":false,"query-url":"","query-url-run":"","lookup-url":"","lookup-url-run":"","dataobjectselectsearch":"","dataobjectselectsearch-run":"","query-params":"","path":"","search-query":"","link-target-view":"browse","format-item":"","auto-complete-type":"Id","serialize-item":"value","serialize-item-master":"id","serialize-item-full":"","link-item":"","link-target":"_blank","label-position":"top","tooltip":"","tooltip_en_us":"","tooltip_it_it":"","tooltip_es_es":"","tooltip_fr_fr":"","tooltip_de_de":"","tooltip_i18n-key":"","value":"{{models}}","default-value":"","description":"","description_en_us":"","description_it_it":"","description_es_es":"","description_fr_fr":"","description_de_de":"","description_i18n-key":"","col-span":"1","ignored":false,"ignored-run":"","visible":true,"visible-run":"","required":true,"required-run":"","style-class":"","documentation":"","custom-validations":"","validation-panel-display":"show","label":"Select model","label_en_us":"Select model","label_it_it":"","label_es_es":"","label_fr_fr":"","label_de_de":"","label_i18n-key":"","id":"multi-select2","width":"200","height":"","col":1,"col-align":"fill","col-weight":"","row":1,"row-align":"top","row-weight":"","size":12,"description-position":"bottom","description-align":"left","node-type":"","modelevents":"","multi":true,"xmlTag":"select"},"ssextensions":[],"outgoing":[],"dockers":[],"labels":[{"styles":{"fill":"#000000","size":"12","italic":false,"bold":false},"ref":"label_text"},{"styles":{"fill":"#000000","size":"12","italic":false,"bold":false},"ref":"input_text"},{"styles":{"fill":"#000000","size":"12","italic":false,"bold":false},"ref":"desc_text"}]}],"bounds":{"lowerRight":{"x":1049,"y":339.87473846153847},"upperLeft":{"x":50,"y":50}},"oldResourceId":"sid-8D9FC954-EB33-4C05-ADF0-5706EF50E974","properties":{"stencilid":"SlotPanel","stencilsuperid":"SlotPanel","stencilsuperids":["SlotPanel"],"customstencil":false,"id":"panel1","notes":"","width":"300"},"ssextensions":[],"outgoing":[],"dockers":[]}],"bounds":{"lowerRight":{"x":1485,"y":1050},"upperLeft":{"x":0,"y":0}},"outputmappingproperties":{"outcomes":{"type":"formlist","placeholders":[]},"events":{"type":"formlist","placeholders":[]},"custom-validations":{"type":"formlist","placeholders":[]}},"properties":{"stencilid":"XForm","stencilsuperid":"XForm","stencilsuperids":["XForm"],"customstencil":false,"id":"FR_F003","notes":"","name":"FR_F003 Start Search Consoles Start Form","guid":"FORM_MODEL-770c8d4f-188e-4307-a93c-850800b56840","creationdate":"2022-11-07T17:46:35.851Z","modificationdate":"2022-11-17T13:52:22.240Z","outcomes":"","outcomevariablename":"","events":"","dialog-size":"","dialog-size-run":"","dialog-title":"","dialog-title_en_us":"","dialog-title_it_it":"","dialog-title_es_es":"","dialog-title_fr_fr":"","dialog-title_de_de":"","dialog-title_i18n-key":"","dialog-description":"","force-validation":"","custom-validations":"","validation-panel-display":"show","description":""},"ssextensions":[],"stencilset":{"url":"./app/editor_stencilset","paletteKey":"flowable-form-palette","namespace":"http://b3mn.org/stencilset/xforms2.0#"}}}