{"id":"CASE_MODEL-afea23c3-26ef-4f92-b2a7-4b8c23915d9c","name":"FR_C001 Search Nintendo Witch Case","key":"FR_C001","description":"","tenantId":"default","editorJson":{"resourceId":"editor_CASE_MODEL-afea23c3-26ef-4f92-b2a7-4b8c23915d9c","stencil":{"id":"CASEDiagram"},"pathProperties":{},"pathMappingProperties":{},"xmlProperties":["casesequence","casesequence-run","casesequencevariablename","casesequencevariablename-run","caseinstancename","caseinstancename_en_us","caseinstancename_en_us-run","caseinstancename_it_it","caseinstancename_it_it-run","caseinstancename_es_es","caseinstancename_es_es-run","caseinstancename_fr_fr","caseinstancename_fr_fr-run","caseinstancename_de_de","caseinstancename_de_de-run","caseinstancename-run","caseinstancename_i18n-key","caseinstancebusinessstatus","caseinstancebusinessstatus-run","caseinstancebusinesskey","caseinstancebusinesskey-run"],"childShapes":[{"resourceId":"onecaseplanmodel1","stencil":{"id":"CasePlanModel"},"pathProperties":{},"pathMappingProperties":{},"xmlProperties":["planitemlifecyclelisteners","autocomplete","autocomplete-run"],"childShapes":[{"resourceId":"expandedStage2","stencil":{"id":"ExpandedStage"},"pathProperties":{},"pathMappingProperties":{},"xmlProperties":["repetitionvariableaggregation","planitemlifecyclelisteners","autocomplete","autocomplete-run","statevisible","statevisible-run","visualizationorder"],"childShapes":[{"resourceId":"processTask2","stencil":{"id":"Task"},"pathProperties":{},"pathMappingProperties":{},"xmlProperties":["planitemlifecyclelisteners","repetitionvariableaggregation","exposetoobjectitems","exposeasmessageitems","processname"],"childShapes":[],"bounds":{"lowerRight":{"x":272.25103814697263,"y":122.25},"upperLeft":{"x":172.25103814697263,"y":42.25}},"specialproperties":{"startformreference":{"type":"treeview"},"entry":{"type":"treeview"}},"outputmappingproperties":{"planitemlifecyclelisteners":{"type":"complex","placeholders":[]},"repetitionvariableaggregation":{"type":"formlist","placeholders":[]},"exposetoobjectitems":{"type":"complex","placeholders":[]},"exposeasmessageitems":{"type":"complex","placeholders":[]},"in":{"type":"complex","placeholders":[]},"out":{"type":"complex","placeholders":[]}},"properties":{"stencilid":"ProcessTask","stencilsuperid":"Task","stencilsuperids":["Task"],"customstencil":false,"bordercolor":"#000000","notes":"","planitemlifecyclelisteners":"","required":false,"required-run":"","repetition":false,"repetition-run":"","repetitioncountervariablename":"repetitionCounter","maxinstancecount":"1","collectionvariable":"","elementvariable":"","elementindexvariable":"","repetitionvariableaggregation":"","manualactivation":false,"manualactivation-run":"","startformreference":"","startformsamedeployment":true,"startformfieldvalidation":false,"formfieldvalidation-run":"","manualactivationpermissiongroups":"","manualactivationpermissiongroups-run":"","manualactivationname":"","manualactivationname_en_us":"","manualactivationname_en_us-run":"","manualactivationname_it_it":"","manualactivationname_it_it-run":"","manualactivationname_es_es":"","manualactivationname_es_es-run":"","manualactivationname_fr_fr":"","manualactivationname_fr_fr-run":"","manualactivationname_de_de":"","manualactivationname_de_de-run":"","manualactivationname-run":"","manualactivationname_i18n-key":"","manualactivationicon":"","manualactivationicon-run":"","manualactivationchannels":"","manualactivationchannels-run":"","manualactivationpriority":"","manualactivationpriority-run":"","completionneutral":false,"completionneutral-run":"","impactparentcompletion":"default","bgcolor":"#ffffff","isblocking":true,"isblocking-run":"","includeinhistory":false,"id":"processTask2","name":"Repetitive search","name_en_us":"Repetitive search","name_it_it":"","name_es_es":"","name_fr_fr":"","name_de_de":"","name_i18n-key":"","description":"","fontsize":"12","fontweight":"normal","fontstyle":"normal","fontcolor":"#000000","async":false,"exclusive":true,"asyncleave":false,"itemdirectactivationcondition":"","itemdirectactivationcondition-run":"","itemignoreactivationcondition":"","itemignoreactivationcondition-run":"","itemdefaultactivationcondition":"","itemdefaultactivationcondition-run":"","exposetoobjectitems":"","exposeasmessageitems":"","in":{"totalCount":7,"items":[{"source":"models","sourceExpression":"","target":"models"},{"source":"departmentStores","sourceExpression":"","target":"departmentStores"},{"source":"maxPrice","sourceExpression":"","target":"maxPrice"},{"source":"to","sourceExpression":"","target":"to"},{"source":"requester","sourceExpression":"","target":"requester"},{"source":"initiator","sourceExpression":"","target":"initiator"},{"source":"firstSearch","sourceExpression":"","target":"firstSearch"}]},"out":{"totalCount":2,"items":[{"source":"searchResultOutcome","sourceExpression":"","target":"repetitiveSearch"},{"source":"search","sourceExpression":"","target":"currentSearch"}]},"isdiscretionary":false,"applicabilityrule":"","tasktype":"process","entry":{"id":"PROCESS_MODEL-dffe92de-7400-4e64-9489-30ad05228252","key":"FR_P010"},"entry-run":"","samedeployment":true,"processname":"","processid":"","fallback-to-default-tenant":true,"business-key":"","inherit-business-key":false},"ssextensions":[],"outgoing":[{"resourceId":"exitCriterion3"}],"dockers":[],"labels":[{"styles":{"fill":"#000000","size":"12","italic":false,"bold":false},"ref":"text_name"}]},{"resourceId":"timerEventListener1","stencil":{"id":"EventListener"},"pathProperties":{},"pathMappingProperties":{},"xmlProperties":["repetitionvariableaggregation","planitemlifecyclelisteners"],"childShapes":[],"bounds":{"lowerRight":{"x":87.25103814697263,"y":97.25},"upperLeft":{"x":57.25103814697263,"y":67.25}},"specialproperties":{"startformreference":{"type":"treeview"}},"outputmappingproperties":{"repetitionvariableaggregation":{"type":"formlist","placeholders":[]},"planitemlifecyclelisteners":{"type":"complex","placeholders":[]}},"properties":{"stencilid":"TimerEventListener","stencilsuperid":"EventListener","stencilsuperids":["EventListener"],"customstencil":false,"bordercolor":"#000000","notes":"","required":false,"required-run":"","repetition":"","repetitioncountervariablename":"repetitionCounter","maxinstancecount":"1","collectionvariable":"","elementvariable":"","elementindexvariable":"","repetitionvariableaggregation":"","manualactivation":"","startformreference":"","startformsamedeployment":true,"startformfieldvalidation":false,"formfieldvalidation-run":"","manualactivationpermissiongroups":"","manualactivationpermissiongroups-run":"","manualactivationname":"","manualactivationname_en_us":"","manualactivationname_en_us-run":"","manualactivationname_it_it":"","manualactivationname_it_it-run":"","manualactivationname_es_es":"","manualactivationname_es_es-run":"","manualactivationname_fr_fr":"","manualactivationname_fr_fr-run":"","manualactivationname_de_de":"","manualactivationname_de_de-run":"","manualactivationname-run":"","manualactivationname_i18n-key":"","manualactivationicon":"","manualactivationicon-run":"","manualactivationchannels":"","manualactivationchannels-run":"","manualactivationpriority":"","manualactivationpriority-run":"","completionneutral":false,"completionneutral-run":"","impactparentcompletion":"default","planitemlifecyclelisteners":"","bgcolor":"#ffffff","id":"timerEventListener1","name":"1 day wait","name_en_us":"1 day wait","name_it_it":"","name_es_es":"","name_fr_fr":"","name_de_de":"","name_i18n-key":"","description":"","fontsize":"12","fontweight":"normal","fontstyle":"normal","fontcolor":"#000000","availablecondition":"","availablecondition-run":"","includeinhistory":false,"itemdirectactivationcondition":"","itemdirectactivationcondition-run":"","itemignoreactivationcondition":"","itemignoreactivationcondition-run":"","itemdefaultactivationcondition":"","itemdefaultactivationcondition-run":"","timerexpression":{"timeduration":"PT1M"},"timerexpression-run":""},"ssextensions":[],"outgoing":[{"resourceId":"connector9"},{"resourceId":"connector8"}],"dockers":[{"x":72.25103814697263,"y":82.25}],"labels":[{"x":15.9000244140625,"y":-14.199999809265137,"ref":"text_name"},{"styles":{"fill":"#000000","size":"12","italic":false,"bold":false},"ref":"text_name"}]},{"resourceId":"exitCriterion3","stencil":{"id":"ExitCriterion"},"pathProperties":{},"pathMappingProperties":{},"xmlProperties":[],"childShapes":[],"bounds":{"lowerRight":{"x":181.25103814697263,"y":96.25},"upperLeft":{"x":163.25103814697263,"y":68.25}},"properties":{"stencilid":"ExitCriterion","stencilsuperid":"ExitCriterion","stencilsuperids":["ExitCriterion"],"customstencil":false,"fontsize":"12","notes":"","fontweight":"normal","fontstyle":"normal","fontcolor":"#000000","id":"exitCriterion3","name":"","name_en_us":"","name_it_it":"","name_es_es":"","name_fr_fr":"","name_de_de":"","name_i18n-key":"","description":"","condition":"","triggermode":"deferred","exittype":"default","exiteventtype":"exit"},"ssextensions":[],"outgoing":[],"dockers":[{"x":9,"y":40}]}],"bounds":{"lowerRight":{"x":678.9999995231628,"y":360},"upperLeft":{"x":365.99999952316284,"y":190.375}},"specialproperties":{"startformreference":{"type":"treeview"}},"outputmappingproperties":{"repetitionvariableaggregation":{"type":"formlist","placeholders":[]},"planitemlifecyclelisteners":{"type":"complex","placeholders":[]}},"properties":{"stencilid":"ExpandedStage","stencilsuperid":"ExpandedStage","stencilsuperids":["ExpandedStage"],"customstencil":false,"bordercolor":"#000000","notes":"","required":false,"required-run":"","repetition":true,"repetition-run":"","repetitioncountervariablename":"repetitionCounter","maxinstancecount":"unlimited","collectionvariable":"","elementvariable":"","elementindexvariable":"","repetitionvariableaggregation":"","manualactivation":false,"manualactivation-run":"","startformreference":"","startformsamedeployment":true,"startformfieldvalidation":false,"formfieldvalidation-run":"","manualactivationpermissiongroups":"","manualactivationpermissiongroups-run":"","manualactivationname":"","manualactivationname_en_us":"","manualactivationname_en_us-run":"","manualactivationname_it_it":"","manualactivationname_it_it-run":"","manualactivationname_es_es":"","manualactivationname_es_es-run":"","manualactivationname_fr_fr":"","manualactivationname_fr_fr-run":"","manualactivationname_de_de":"","manualactivationname_de_de-run":"","manualactivationname-run":"","manualactivationname_i18n-key":"","manualactivationicon":"","manualactivationicon-run":"","manualactivationchannels":"","manualactivationchannels-run":"","manualactivationpriority":"","manualactivationpriority-run":"","completionneutral":false,"completionneutral-run":"","planitemlifecyclelisteners":"","bgcolor":"#ffffff","id":"expandedStage2","name":"","name_en_us":"","name_it_it":"","name_es_es":"","name_fr_fr":"","name_de_de":"","name_i18n-key":"","description":"","fontsize":"12","fontweight":"normal","fontstyle":"normal","fontcolor":"#000000","itemdirectactivationcondition":"","itemdirectactivationcondition-run":"","itemignoreactivationcondition":"","itemignoreactivationcondition-run":"","itemdefaultactivationcondition":"","itemdefaultactivationcondition-run":"","isdiscretionary":false,"applicabilityrule":"","autocomplete":false,"autocomplete-run":"","statevisible":true,"statevisible-run":"","visualizationorder":""},"ssextensions":[],"outgoing":[{"resourceId":"entryCriterion4"},{"resourceId":"entryCriterion1"},{"resourceId":"exitCriterion5"},{"resourceId":"exitCriterion8"}],"dockers":[],"labels":[{"styles":{"fill":"#000000","size":"12","italic":false,"bold":false},"ref":"text_name"}]},{"resourceId":"processTask1","stencil":{"id":"Task"},"pathProperties":{},"pathMappingProperties":{},"xmlProperties":["planitemlifecyclelisteners","repetitionvariableaggregation","exposetoobjectitems","exposeasmessageitems","processname"],"childShapes":[],"bounds":{"lowerRight":{"x":344.99999237060547,"y":134.2505},"upperLeft":{"x":244.99999237060547,"y":54.25049999999999}},"specialproperties":{"startformreference":{"type":"treeview"},"entry":{"type":"treeview"}},"outputmappingproperties":{"planitemlifecyclelisteners":{"type":"complex","placeholders":[]},"repetitionvariableaggregation":{"type":"formlist","placeholders":[]},"exposetoobjectitems":{"type":"complex","placeholders":[]},"exposeasmessageitems":{"type":"complex","placeholders":[]},"in":{"type":"complex","placeholders":[]},"out":{"type":"complex","placeholders":[]}},"properties":{"stencilid":"ProcessTask","stencilsuperid":"Task","stencilsuperids":["Task"],"customstencil":false,"bordercolor":"#000000","notes":"","planitemlifecyclelisteners":"","required":false,"required-run":"","repetition":false,"repetition-run":"","repetitioncountervariablename":"repetitionCounter","maxinstancecount":"1","collectionvariable":"","elementvariable":"","elementindexvariable":"","repetitionvariableaggregation":"","manualactivation":false,"manualactivation-run":"","startformreference":"","startformsamedeployment":true,"startformfieldvalidation":false,"formfieldvalidation-run":"","manualactivationpermissiongroups":"","manualactivationpermissiongroups-run":"","manualactivationname":"","manualactivationname_en_us":"","manualactivationname_en_us-run":"","manualactivationname_it_it":"","manualactivationname_it_it-run":"","manualactivationname_es_es":"","manualactivationname_es_es-run":"","manualactivationname_fr_fr":"","manualactivationname_fr_fr-run":"","manualactivationname_de_de":"","manualactivationname_de_de-run":"","manualactivationname-run":"","manualactivationname_i18n-key":"","manualactivationicon":"","manualactivationicon-run":"","manualactivationchannels":"","manualactivationchannels-run":"","manualactivationpriority":"","manualactivationpriority-run":"","completionneutral":false,"completionneutral-run":"","impactparentcompletion":"default","bgcolor":"#ffffff","isblocking":true,"isblocking-run":"","includeinhistory":false,"id":"processTask1","name":"First search result","name_en_us":"First search result","name_it_it":"","name_es_es":"","name_fr_fr":"","name_de_de":"","name_i18n-key":"","description":"","fontsize":"12","fontweight":"normal","fontstyle":"normal","fontcolor":"#000000","async":false,"exclusive":true,"asyncleave":false,"itemdirectactivationcondition":"","itemdirectactivationcondition-run":"","itemignoreactivationcondition":"","itemignoreactivationcondition-run":"","itemdefaultactivationcondition":"","itemdefaultactivationcondition-run":"","exposetoobjectitems":"","exposeasmessageitems":"","in":{"totalCount":3,"items":[{"source":"models","sourceExpression":"","target":"models"},{"source":"departmentStores","sourceExpression":"","target":"departmentStores"},{"source":"maxPrice","sourceExpression":"","target":"maxPrice"}]},"out":{"totalCount":1,"items":[{"source":"search","sourceExpression":"","target":"currentSearch"}]},"isdiscretionary":false,"applicabilityrule":"","tasktype":"process","entry":{"id":"PROCESS_MODEL-297a26d4-fe45-4527-8e11-b7832b449d9f","key":"FR_P001"},"entry-run":"","samedeployment":true,"processname":"","processid":"","fallback-to-default-tenant":true,"business-key":"","inherit-business-key":false},"ssextensions":[],"outgoing":[{"resourceId":"entryCriterion3"},{"resourceId":"exitCriterion2"}],"dockers":[],"labels":[{"styles":{"fill":"#000000","size":"12","italic":false,"bold":false},"ref":"text_name"}]},{"resourceId":"variableActivity1","stencil":{"id":"Task"},"pathProperties":{},"pathMappingProperties":{},"xmlProperties":["planitemlifecyclelisteners","repetitionvariableaggregation"],"childShapes":[],"bounds":{"lowerRight":{"x":150.99999952316284,"y":134.2505},"upperLeft":{"x":50.99999952316284,"y":54.25049999999999}},"specialproperties":{"startformreference":{"type":"treeview"}},"outputmappingproperties":{"planitemlifecyclelisteners":{"type":"complex","placeholders":[]},"repetitionvariableaggregation":{"type":"formlist","placeholders":[]},"classfields":{"type":"complex","placeholders":[]}},"properties":{"stencilid":"VariableActivity","stencilsuperid":"ServiceTask","stencilsuperids":["Task","ServiceTask"],"customstencil":false,"bordercolor":"#000000","notes":"","planitemlifecyclelisteners":"","required":false,"required-run":"","repetition":false,"repetition-run":"","repetitioncountervariablename":"repetitionCounter","maxinstancecount":"1","collectionvariable":"","elementvariable":"","elementindexvariable":"","repetitionvariableaggregation":"","manualactivation":false,"manualactivation-run":"","startformreference":"","startformsamedeployment":true,"startformfieldvalidation":false,"formfieldvalidation-run":"","manualactivationpermissiongroups":"","manualactivationpermissiongroups-run":"","manualactivationname":"","manualactivationname_en_us":"","manualactivationname_en_us-run":"","manualactivationname_it_it":"","manualactivationname_it_it-run":"","manualactivationname_es_es":"","manualactivationname_es_es-run":"","manualactivationname_fr_fr":"","manualactivationname_fr_fr-run":"","manualactivationname_de_de":"","manualactivationname_de_de-run":"","manualactivationname-run":"","manualactivationname_i18n-key":"","manualactivationicon":"","manualactivationicon-run":"","manualactivationchannels":"","manualactivationchannels-run":"","manualactivationpriority":"","manualactivationpriority-run":"","completionneutral":false,"completionneutral-run":"","impactparentcompletion":"default","bgcolor":"#ffffff","isblocking":true,"isblocking-run":"","includeinhistory":false,"id":"variableActivity1","name":"Initialize variables","name_en_us":"Initialize variables","name_it_it":"","name_es_es":"","name_fr_fr":"","name_de_de":"","name_i18n-key":"","description":"","fontsize":"12","fontweight":"normal","fontstyle":"normal","fontcolor":"#000000","async":false,"exclusive":true,"asyncleave":false,"itemdirectactivationcondition":"","itemdirectactivationcondition-run":"","itemignoreactivationcondition":"","itemignoreactivationcondition-run":"","itemdefaultactivationcondition":"","itemdefaultactivationcondition-run":"","isdiscretionary":false,"applicabilityrule":"","tasktype":"Service","expression":"","resultvariable":"","servicetaskstoreresultvariabletransient":"","class":"","classfields":"","delegateexpression":"${initVariablesService}","initvariablemap":{"totalCount":5,"items":[{"target":"","name":"results","valueType":"jsonArray","value":0},{"target":"","name":"firstSearch","valueType":"boolean","value":true},{"target":"","name":"currentSearch","valueType":"jsonArray","value":0},{"target":"","name":"buy","valueType":"boolean","value":false},{"target":"","name":"nintendoBought","valueType":"boolean","value":false}]},"overwrite":true,"overwrite-run":"","servicetasktriggerable":"","servicetaskuselocalscopeforresultvariable":"","genericproperty":""},"ssextensions":[],"outgoing":[{"resourceId":"connector6"}],"dockers":[],"labels":[{"styles":{"fill":"#000000","size":"12","italic":false,"bold":false},"ref":"text_name"}]},{"resourceId":"processTask3","stencil":{"id":"Task"},"pathProperties":{},"pathMappingProperties":{},"xmlProperties":["planitemlifecyclelisteners","repetitionvariableaggregation","exposetoobjectitems","exposeasmessageitems","processname"],"childShapes":[],"bounds":{"lowerRight":{"x":956.9999995231628,"y":134.2505},"upperLeft":{"x":856.9999995231628,"y":54.25049999999999}},"specialproperties":{"startformreference":{"type":"treeview"},"entry":{"type":"treeview"}},"outputmappingproperties":{"planitemlifecyclelisteners":{"type":"complex","placeholders":[]},"repetitionvariableaggregation":{"type":"formlist","placeholders":[]},"exposetoobjectitems":{"type":"complex","placeholders":[]},"exposeasmessageitems":{"type":"complex","placeholders":[]},"in":{"type":"complex","placeholders":[]},"out":{"type":"complex","placeholders":[]}},"properties":{"stencilid":"ProcessTask","stencilsuperid":"Task","stencilsuperids":["Task"],"customstencil":false,"bordercolor":"#000000","notes":"","planitemlifecyclelisteners":"","required":false,"required-run":"","repetition":false,"repetition-run":"","repetitioncountervariablename":"repetitionCounter","maxinstancecount":"1","collectionvariable":"","elementvariable":"","elementindexvariable":"","repetitionvariableaggregation":"","manualactivation":false,"manualactivation-run":"","startformreference":"","startformsamedeployment":true,"startformfieldvalidation":false,"formfieldvalidation-run":"","manualactivationpermissiongroups":"","manualactivationpermissiongroups-run":"","manualactivationname":"","manualactivationname_en_us":"","manualactivationname_en_us-run":"","manualactivationname_it_it":"","manualactivationname_it_it-run":"","manualactivationname_es_es":"","manualactivationname_es_es-run":"","manualactivationname_fr_fr":"","manualactivationname_fr_fr-run":"","manualactivationname_de_de":"","manualactivationname_de_de-run":"","manualactivationname-run":"","manualactivationname_i18n-key":"","manualactivationicon":"","manualactivationicon-run":"","manualactivationchannels":"","manualactivationchannels-run":"","manualactivationpriority":"","manualactivationpriority-run":"","completionneutral":false,"completionneutral-run":"","impactparentcompletion":"default","bgcolor":"#ffffff","isblocking":true,"isblocking-run":"","includeinhistory":false,"id":"processTask3","name":"Buy Console","name_en_us":"Buy Console","name_it_it":"","name_es_es":"","name_fr_fr":"","name_de_de":"","name_i18n-key":"","description":"","fontsize":"12","fontweight":"normal","fontstyle":"normal","fontcolor":"#000000","async":false,"exclusive":true,"asyncleave":false,"itemdirectactivationcondition":"","itemdirectactivationcondition-run":"","itemignoreactivationcondition":"","itemignoreactivationcondition-run":"","itemdefaultactivationcondition":"","itemdefaultactivationcondition-run":"","exposetoobjectitems":"","exposeasmessageitems":"","in":"","out":"","isdiscretionary":false,"applicabilityrule":"","tasktype":"process","entry":{"id":"PROCESS_MODEL-1b0849ea-8358-4f74-b0c7-2d428fb2ed4d","key":"FR_P011"},"entry-run":"","samedeployment":true,"processname":"","processid":"","fallback-to-default-tenant":true,"business-key":"","inherit-business-key":false},"ssextensions":[],"outgoing":[{"resourceId":"connector10"},{"resourceId":"entryCriterion5"}],"dockers":[],"labels":[{"styles":{"fill":"#000000","size":"12","italic":false,"bold":false},"ref":"text_name"}]},{"resourceId":"userEventListener1","stencil":{"id":"EventListener"},"pathProperties":{},"pathMappingProperties":{},"xmlProperties":["repetitionvariableaggregation","planitemlifecyclelisteners","exposetoobjectitems","exposeasmessageitems"],"childShapes":[],"bounds":{"lowerRight":{"x":471.49799952316283,"y":109.501},"upperLeft":{"x":440.99999952316284,"y":79.00000000000001}},"specialproperties":{"startformreference":{"type":"treeview"}},"outputmappingproperties":{"repetitionvariableaggregation":{"type":"formlist","placeholders":[]},"planitemlifecyclelisteners":{"type":"complex","placeholders":[]},"exposetoobjectitems":{"type":"complex","placeholders":[]},"exposeasmessageitems":{"type":"complex","placeholders":[]}},"properties":{"stencilid":"UserEventListener","stencilsuperid":"EventListener","stencilsuperids":["EventListener"],"customstencil":false,"bordercolor":"#000000","notes":"","required":false,"required-run":"","repetition":false,"repetition-run":"","repetitioncountervariablename":"repetitionCounter","maxinstancecount":"1","collectionvariable":"","elementvariable":"","elementindexvariable":"","repetitionvariableaggregation":"","manualactivation":"","startformreference":{"id":"FORM_MODEL-cf6393bf-d617-4326-b9f4-62a6f92e70cf","key":"FR_F004"},"startformsamedeployment":true,"startformfieldvalidation":true,"formfieldvalidation-run":"","manualactivationpermissiongroups":"","manualactivationpermissiongroups-run":"","manualactivationname":"","manualactivationname_en_us":"","manualactivationname_en_us-run":"","manualactivationname_it_it":"","manualactivationname_it_it-run":"","manualactivationname_es_es":"","manualactivationname_es_es-run":"","manualactivationname_fr_fr":"","manualactivationname_fr_fr-run":"","manualactivationname_de_de":"","manualactivationname_de_de-run":"","manualactivationname-run":"","manualactivationname_i18n-key":"","manualactivationicon":"","manualactivationicon-run":"","manualactivationchannels":"","manualactivationchannels-run":"","manualactivationpriority":"","manualactivationpriority-run":"","completionneutral":false,"completionneutral-run":"","impactparentcompletion":"default","planitemlifecyclelisteners":"","bgcolor":"#ffffff","id":"userEventListener1","name":"Enable notifications","name_en_us":"Enable notifications","name_it_it":"","name_es_es":"","name_fr_fr":"","name_de_de":"","name_i18n-key":"","description":"","fontsize":"12","fontweight":"normal","fontstyle":"normal","fontcolor":"#000000","availablecondition":{"children":[{"sourceValue":{"name":"check","variableType":"variable","type":"boolean"},"operator":"!vars:exists"},{"sourceValue":{"name":"nintendoBought","variableType":"variable"},"operator":"equals","targetValue":{"value":false,"type":"boolean","variableType":"value"}}],"match":"all"},"availablecondition-run":"","includeinhistory":false,"itemdirectactivationcondition":"","itemdirectactivationcondition-run":"","itemignoreactivationcondition":"","itemignoreactivationcondition-run":"","itemdefaultactivationcondition":"","itemdefaultactivationcondition-run":"","eventlistenerpermissiongroups":"","eventlistenerpermissiongroups-run":"","eventlistenerpermissionusers":"","eventlistenerpermissionusers-run":"","eventlistenername":"","eventlistenername_en_us":"","eventlistenername_en_us-run":"","eventlistenername_it_it":"","eventlistenername_it_it-run":"","eventlistenername_es_es":"","eventlistenername_es_es-run":"","eventlistenername_fr_fr":"","eventlistenername_fr_fr-run":"","eventlistenername_de_de":"","eventlistenername_de_de-run":"","eventlistenername-run":"","eventlistenername_i18n-key":"","eventlistenericon":"","eventlistenericon-run":"","eventlistenerchannels":"quick-actions","eventlistenerchannels-run":"quick-actions","eventlistenerpriority":"","eventlistenerpriority-run":"","type":"","type-run":"","exposetoobjectitems":"","exposeasmessageitems":""},"ssextensions":[],"outgoing":[{"resourceId":"connector4"},{"resourceId":"connector1"}],"dockers":[{"x":456.24899952316287,"y":94.25050000000002}],"labels":[{"x":13.77456188201904,"y":-16.20000076293945,"ref":"text_name"},{"styles":{"fill":"#000000","size":"12","italic":false,"bold":false},"ref":"text_name"}]},{"resourceId":"userEventListener2","stencil":{"id":"EventListener"},"pathProperties":{},"pathMappingProperties":{},"xmlProperties":["repetitionvariableaggregation","planitemlifecyclelisteners","exposetoobjectitems","exposeasmessageitems"],"childShapes":[],"bounds":{"lowerRight":{"x":606.4979995231629,"y":109.501},"upperLeft":{"x":575.9999995231628,"y":79.00000000000001}},"specialproperties":{"startformreference":{"type":"treeview"}},"outputmappingproperties":{"repetitionvariableaggregation":{"type":"formlist","placeholders":[]},"planitemlifecyclelisteners":{"type":"complex","placeholders":[]},"exposetoobjectitems":{"type":"complex","placeholders":[]},"exposeasmessageitems":{"type":"complex","placeholders":[]}},"properties":{"stencilid":"UserEventListener","stencilsuperid":"EventListener","stencilsuperids":["EventListener"],"customstencil":false,"bordercolor":"#000000","notes":"","required":false,"required-run":"","repetition":false,"repetition-run":"","repetitioncountervariablename":"repetitionCounter","maxinstancecount":"1","collectionvariable":"","elementvariable":"","elementindexvariable":"","repetitionvariableaggregation":"","manualactivation":"","startformreference":"","startformsamedeployment":true,"startformfieldvalidation":false,"formfieldvalidation-run":"","manualactivationpermissiongroups":"","manualactivationpermissiongroups-run":"","manualactivationname":"","manualactivationname_en_us":"","manualactivationname_en_us-run":"","manualactivationname_it_it":"","manualactivationname_it_it-run":"","manualactivationname_es_es":"","manualactivationname_es_es-run":"","manualactivationname_fr_fr":"","manualactivationname_fr_fr-run":"","manualactivationname_de_de":"","manualactivationname_de_de-run":"","manualactivationname-run":"","manualactivationname_i18n-key":"","manualactivationicon":"","manualactivationicon-run":"","manualactivationchannels":"","manualactivationchannels-run":"","manualactivationpriority":"","manualactivationpriority-run":"","completionneutral":false,"completionneutral-run":"","impactparentcompletion":"default","planitemlifecyclelisteners":"","bgcolor":"#ffffff","id":"userEventListener2","name":"Finish","name_en_us":"Finish","name_it_it":"","name_es_es":"","name_fr_fr":"","name_de_de":"","name_i18n-key":"","description":"","fontsize":"12","fontweight":"normal","fontstyle":"normal","fontcolor":"#000000","availablecondition":{"children":[{"sourceValue":{"name":"check","variableType":"variable","type":"boolean"},"operator":"equals","targetValue":{"value":true,"type":"boolean","variableType":"value"}}],"match":"all"},"availablecondition-run":"","includeinhistory":false,"itemdirectactivationcondition":"","itemdirectactivationcondition-run":"","itemignoreactivationcondition":"","itemignoreactivationcondition-run":"","itemdefaultactivationcondition":"","itemdefaultactivationcondition-run":"","eventlistenerpermissiongroups":"","eventlistenerpermissiongroups-run":"","eventlistenerpermissionusers":"","eventlistenerpermissionusers-run":"","eventlistenername":"","eventlistenername_en_us":"","eventlistenername_en_us-run":"","eventlistenername_it_it":"","eventlistenername_it_it-run":"","eventlistenername_es_es":"","eventlistenername_es_es-run":"","eventlistenername_fr_fr":"","eventlistenername_fr_fr-run":"","eventlistenername_de_de":"","eventlistenername_de_de-run":"","eventlistenername-run":"","eventlistenername_i18n-key":"","eventlistenericon":"","eventlistenericon-run":"","eventlistenerchannels":"quick-actions","eventlistenerchannels-run":"quick-actions","eventlistenerpriority":"","eventlistenerpriority-run":"","type":"","type-run":"","exposetoobjectitems":"","exposeasmessageitems":""},"ssextensions":[],"outgoing":[{"resourceId":"connector12"},{"resourceId":"connector13"}],"dockers":[{"x":591.2489995231629,"y":94.25050000000002}],"labels":[{"x":20.900024414062532,"y":-16.20000076293945,"ref":"text_name"},{"styles":{"fill":"#000000","size":"12","italic":false,"bold":false},"ref":"text_name"}]},{"resourceId":"userEventListener3","stencil":{"id":"EventListener"},"pathProperties":{},"pathMappingProperties":{},"xmlProperties":["repetitionvariableaggregation","planitemlifecyclelisteners","exposetoobjectitems","exposeasmessageitems"],"childShapes":[],"bounds":{"lowerRight":{"x":782.2489618530274,"y":109.501},"upperLeft":{"x":751.7509618530273,"y":79.00000000000001}},"specialproperties":{"startformreference":{"type":"treeview"}},"outputmappingproperties":{"repetitionvariableaggregation":{"type":"formlist","placeholders":[]},"planitemlifecyclelisteners":{"type":"complex","placeholders":[]},"exposetoobjectitems":{"type":"complex","placeholders":[]},"exposeasmessageitems":{"type":"complex","placeholders":[]}},"properties":{"stencilid":"UserEventListener","stencilsuperid":"EventListener","stencilsuperids":["EventListener"],"customstencil":false,"bordercolor":"#000000","notes":"","required":false,"required-run":"","repetition":false,"repetition-run":"","repetitioncountervariablename":"repetitionCounter","maxinstancecount":"1","collectionvariable":"","elementvariable":"","elementindexvariable":"","repetitionvariableaggregation":"","manualactivation":"","startformreference":"","startformsamedeployment":true,"startformfieldvalidation":false,"formfieldvalidation-run":"","manualactivationpermissiongroups":"","manualactivationpermissiongroups-run":"","manualactivationname":"","manualactivationname_en_us":"","manualactivationname_en_us-run":"","manualactivationname_it_it":"","manualactivationname_it_it-run":"","manualactivationname_es_es":"","manualactivationname_es_es-run":"","manualactivationname_fr_fr":"","manualactivationname_fr_fr-run":"","manualactivationname_de_de":"","manualactivationname_de_de-run":"","manualactivationname-run":"","manualactivationname_i18n-key":"","manualactivationicon":"","manualactivationicon-run":"","manualactivationchannels":"","manualactivationchannels-run":"","manualactivationpriority":"","manualactivationpriority-run":"","completionneutral":false,"completionneutral-run":"","impactparentcompletion":"default","planitemlifecyclelisteners":"","bgcolor":"#ffffff","id":"buy-now-event-listener","name":"Buy now","name_en_us":"Buy now","name_it_it":"","name_es_es":"","name_fr_fr":"","name_de_de":"","name_i18n-key":"","description":"","fontsize":"12","fontweight":"normal","fontstyle":"normal","fontcolor":"#000000","availablecondition":{"children":[{"sourceValue":{"name":"buy","variableType":"variable"},"operator":"equals","targetValue":{"value":true,"type":"boolean","variableType":"value"}}],"match":"all"},"availablecondition-run":"","includeinhistory":false,"itemdirectactivationcondition":"","itemdirectactivationcondition-run":"","itemignoreactivationcondition":"","itemignoreactivationcondition-run":"","itemdefaultactivationcondition":"","itemdefaultactivationcondition-run":"","eventlistenerpermissiongroups":"","eventlistenerpermissiongroups-run":"","eventlistenerpermissionusers":"","eventlistenerpermissionusers-run":"","eventlistenername":"","eventlistenername_en_us":"","eventlistenername_en_us-run":"","eventlistenername_it_it":"","eventlistenername_it_it-run":"","eventlistenername_es_es":"","eventlistenername_es_es-run":"","eventlistenername_fr_fr":"","eventlistenername_fr_fr-run":"","eventlistenername_de_de":"","eventlistenername_de_de-run":"","eventlistenername-run":"","eventlistenername_i18n-key":"","eventlistenericon":"","eventlistenericon-run":"","eventlistenerchannels":"quick-actions","eventlistenerchannels-run":"quick-actions","eventlistenerpriority":"","eventlistenerpriority-run":"","type":"","type-run":"","exposetoobjectitems":"","exposeasmessageitems":""},"ssextensions":[],"outgoing":[{"resourceId":"connector14"},{"resourceId":"connector11"}],"dockers":[{"x":766.9999618530273,"y":94.25050000000002}],"labels":[{"x":14.149062156677267,"y":-17.20000076293945,"ref":"text_name"},{"styles":{"fill":"#000000","size":"12","italic":false,"bold":false},"ref":"text_name"}]},{"resourceId":"entryCriterion3","stencil":{"id":"EntryCriterion"},"pathProperties":{},"pathMappingProperties":{},"xmlProperties":[],"childShapes":[],"bounds":{"lowerRight":{"x":253.99999237060547,"y":108.25049999999999},"upperLeft":{"x":235.99999237060547,"y":80.25049999999999}},"properties":{"stencilid":"EntryCriterion","stencilsuperid":"EntryCriterion","stencilsuperids":["EntryCriterion"],"customstencil":false,"fontsize":"12","notes":"","fontweight":"normal","fontstyle":"normal","fontcolor":"#000000","id":"entryCriterion3","name":"","name_en_us":"","name_it_it":"","name_es_es":"","name_fr_fr":"","name_de_de":"","name_i18n-key":"","description":"","condition":"","triggermode":"deferred"},"ssextensions":[],"outgoing":[],"dockers":[{"x":1,"y":40}]},{"resourceId":"exitCriterion2","stencil":{"id":"ExitCriterion"},"pathProperties":{},"pathMappingProperties":{},"xmlProperties":[],"childShapes":[],"bounds":{"lowerRight":{"x":353.99999237060547,"y":108.25049999999999},"upperLeft":{"x":335.99999237060547,"y":80.25049999999999}},"properties":{"stencilid":"ExitCriterion","stencilsuperid":"ExitCriterion","stencilsuperids":["ExitCriterion"],"customstencil":false,"fontsize":"12","notes":"","fontweight":"normal","fontstyle":"normal","fontcolor":"#000000","id":"exitCriterion2","name":"","name_en_us":"","name_it_it":"","name_es_es":"","name_fr_fr":"","name_de_de":"","name_i18n-key":"","description":"","condition":"","triggermode":"deferred","exittype":"default","exiteventtype":"exit"},"ssextensions":[],"outgoing":[],"dockers":[{"x":85,"y":40}]},{"resourceId":"exitCriterion5","stencil":{"id":"ExitCriterion"},"pathProperties":{},"pathMappingProperties":{},"xmlProperties":[],"childShapes":[],"bounds":{"lowerRight":{"x":599.9999995231628,"y":204.375},"upperLeft":{"x":581.9999995231628,"y":176.375}},"properties":{"stencilid":"ExitCriterion","stencilsuperid":"ExitCriterion","stencilsuperids":["ExitCriterion"],"customstencil":false,"fontsize":"12","notes":"","fontweight":"normal","fontstyle":"normal","fontcolor":"#000000","id":"exitCriterion5","name":"","name_en_us":"","name_it_it":"","name_es_es":"","name_fr_fr":"","name_de_de":"","name_i18n-key":"","description":"","condition":"","triggermode":"deferred","exittype":"default","exiteventtype":"exit"},"ssextensions":[],"outgoing":[],"dockers":[{"x":225,"y":0}]},{"resourceId":"entryCriterion4","stencil":{"id":"EntryCriterion"},"pathProperties":{},"pathMappingProperties":{},"xmlProperties":[],"childShapes":[],"bounds":{"lowerRight":{"x":446.99999952316284,"y":374},"upperLeft":{"x":428.99999952316284,"y":346}},"properties":{"stencilid":"EntryCriterion","stencilsuperid":"EntryCriterion","stencilsuperids":["EntryCriterion"],"customstencil":false,"fontsize":"12","notes":"","fontweight":"normal","fontstyle":"normal","fontcolor":"#000000","id":"entryCriterion4","name":"","name_en_us":"","name_it_it":"","name_es_es":"","name_fr_fr":"","name_de_de":"","name_i18n-key":"","description":"","condition":"","triggermode":"deferred"},"ssextensions":[],"outgoing":[],"dockers":[{"x":72,"y":153}]},{"resourceId":"entryCriterion1","stencil":{"id":"EntryCriterion"},"pathProperties":{},"pathMappingProperties":{},"xmlProperties":[],"childShapes":[],"bounds":{"lowerRight":{"x":464.99999952316284,"y":204.375},"upperLeft":{"x":446.99999952316284,"y":176.375}},"properties":{"stencilid":"EntryCriterion","stencilsuperid":"EntryCriterion","stencilsuperids":["EntryCriterion"],"customstencil":false,"fontsize":"12","notes":"","fontweight":"normal","fontstyle":"normal","fontcolor":"#000000","id":"entryCriterion1","name":"","name_en_us":"","name_it_it":"","name_es_es":"","name_fr_fr":"","name_de_de":"","name_i18n-key":"","description":"","condition":"","triggermode":"deferred"},"ssextensions":[],"outgoing":[],"dockers":[{"x":90,"y":0}]},{"resourceId":"entryCriterion5","stencil":{"id":"EntryCriterion"},"pathProperties":{},"pathMappingProperties":{},"xmlProperties":[],"childShapes":[],"bounds":{"lowerRight":{"x":865.9999995231628,"y":108.25049999999999},"upperLeft":{"x":847.9999995231628,"y":80.25049999999999}},"properties":{"stencilid":"EntryCriterion","stencilsuperid":"EntryCriterion","stencilsuperids":["EntryCriterion"],"customstencil":false,"fontsize":"12","notes":"","fontweight":"normal","fontstyle":"normal","fontcolor":"#000000","id":"entryCriterion5","name":"","name_en_us":"","name_it_it":"","name_es_es":"","name_fr_fr":"","name_de_de":"","name_i18n-key":"","description":"","condition":"","triggermode":"deferred"},"ssextensions":[],"outgoing":[],"dockers":[{"x":9,"y":40}]},{"resourceId":"exitCriterion8","stencil":{"id":"ExitCriterion"},"pathProperties":{},"pathMappingProperties":{},"xmlProperties":[],"childShapes":[],"bounds":{"lowerRight":{"x":653.9999995231628,"y":204.375},"upperLeft":{"x":635.9999995231628,"y":176.375}},"properties":{"stencilid":"ExitCriterion","stencilsuperid":"ExitCriterion","stencilsuperids":["ExitCriterion"],"customstencil":false,"fontsize":"12","notes":"","fontweight":"normal","fontstyle":"normal","fontcolor":"#000000","id":"exitCriterion8","name":"","name_en_us":"","name_it_it":"","name_es_es":"","name_fr_fr":"","name_de_de":"","name_i18n-key":"","description":"","condition":"","triggermode":"deferred","exittype":"default","exiteventtype":"exit"},"ssextensions":[],"outgoing":[],"dockers":[{"x":279,"y":11}]}],"bounds":{"lowerRight":{"x":1066.9999623298645,"y":449},"upperLeft":{"x":24.000000476837158,"y":45}},"specialproperties":{"formreference":{"type":"treeview"},"workformreference":{"type":"treeview"},"inboundchannelreference":{"type":"treeview","placeholder":"inboundchannelkey"}},"outputmappingproperties":{"planitemlifecyclelisteners":{"type":"complex","placeholders":[]},"workforminputmappings":{"type":"complex","placeholders":[]}},"properties":{"stencilid":"CasePlanModel","stencilsuperid":"CasePlanModel","stencilsuperids":["CasePlanModel"],"customstencil":false,"bordercolor":"#000000","notes":"","planitemlifecyclelisteners":"","bgcolor":"#ffffff","id":"onecaseplanmodel1","name":"Case plan model","name_en_us":"Case plan model","name_it_it":"","name_es_es":"","name_fr_fr":"","name_de_de":"","name_i18n-key":"","description":"","fontsize":"12","fontweight":"normal","fontstyle":"normal","fontcolor":"#000000","autocomplete":false,"autocomplete-run":"","formreference":{"id":"FORM_MODEL-770c8d4f-188e-4307-a93c-850800b56840","key":"FR_F003"},"samedeployment":true,"formfieldvalidation":false,"formfieldvalidation-run":"","workformreference":{"id":"FORM_MODEL-e713382a-a529-4a14-ab20-8fde8f127dbd","key":"FR_F002"},"workformsamedeployment":true,"workformfieldvalidation":false,"workformfieldvalidation-run":"","workforminputmappingtype":"allowed","workforminputmappings":"","inboundstarteventconfiguration":"","inboundchannelreference":"","inboundchannelkey":""},"ssextensions":[],"outgoing":[{"resourceId":"exitCriterion7"},{"resourceId":"exitCriterion6"}],"dockers":[],"labels":[{"styles":{"fill":"#000000","size":"12","italic":false,"bold":false},"ref":"text_name"}]},{"resourceId":"connector4","stencil":{"id":"Connector"},"pathProperties":{},"pathMappingProperties":{},"xmlProperties":[],"childShapes":[],"bounds":{"lowerRight":{"x":464,"y":139},"upperLeft":{"x":378,"y":139}},"properties":{"stencilid":"Connector","stencilsuperid":"Connector","stencilsuperids":["Connector"],"customstencil":false,"bordercolor":"#000000","notes":"","id":"connector4","name":"occur","name_en_us":"occur","name_it_it":"occur","name_es_es":"occur","name_fr_fr":"occur","name_de_de":"occur","name_i18n-key":"","description":"","fontsize":"12","fontweight":"normal","fontstyle":"normal","fontcolor":"#000000","standardevent":"occur","display_ref_in_diagram":false},"ssextensions":[],"outgoing":[{"resourceId":"exitCriterion2"}],"dockers":[{"x":15.497999999999994,"y":15.50099999999999},{"x":9,"y":14}],"labels":[{"styles":{"fill":"#000000","size":"12","italic":false,"bold":false},"ref":"text_name"}],"target":{"resourceId":"exitCriterion2"}},{"resourceId":"connector6","stencil":{"id":"Connector"},"pathProperties":{},"pathMappingProperties":{},"xmlProperties":[],"childShapes":[],"bounds":{"lowerRight":{"x":259,"y":139.2505},"upperLeft":{"x":175,"y":139}},"properties":{"stencilid":"Connector","stencilsuperid":"Connector","stencilsuperids":["Connector"],"customstencil":false,"bordercolor":"#000000","notes":"","id":"connector6","name":"complete","name_en_us":"complete","name_it_it":"complete","name_es_es":"complete","name_fr_fr":"complete","name_de_de":"complete","name_i18n-key":"","description":"","fontsize":"12","fontweight":"normal","fontstyle":"normal","fontcolor":"#000000","standardevent":"complete","display_ref_in_diagram":true},"ssextensions":[],"outgoing":[{"resourceId":"entryCriterion3"}],"dockers":[{"x":99,"y":40},{"x":221.9999964237213,"y":139.2505},{"x":221.9999964237213,"y":139.2505},{"x":9,"y":14}],"labels":[{"edge":"starttop","transfer":{"x":220,"y":148.8000030517578,"from":0,"to":1,"distance":-9.560026824838053},"transferable":true,"ref":"text_name"},{"styles":{"fill":"#000000","size":"12","italic":false,"bold":false},"ref":"text_name"}],"target":{"resourceId":"entryCriterion3"}},{"resourceId":"connector1","stencil":{"id":"Connector"},"pathProperties":{},"pathMappingProperties":{},"xmlProperties":[],"childShapes":[],"bounds":{"lowerRight":{"x":480,"y":220},"upperLeft":{"x":480,"y":155}},"properties":{"stencilid":"Connector","stencilsuperid":"Connector","stencilsuperids":["Connector"],"customstencil":false,"bordercolor":"#000000","notes":"","id":"connector1","name":"occur","name_en_us":"occur","name_it_it":"occur","name_es_es":"occur","name_fr_fr":"occur","name_de_de":"occur","name_i18n-key":"","description":"","fontsize":"12","fontweight":"normal","fontstyle":"normal","fontcolor":"#000000","standardevent":"occur","display_ref_in_diagram":false},"ssextensions":[],"outgoing":[{"resourceId":"entryCriterion1"}],"dockers":[{"x":15.497999999999994,"y":15.50099999999999},{"x":9,"y":14}],"labels":[{"x":566.7125244140625,"y":193.20000648498535,"valign":"bottom","align":"left","ref":"text_name"},{"styles":{"fill":"#000000","size":"12","italic":false,"bold":false},"ref":"text_name"}],"target":{"resourceId":"entryCriterion1"}},{"resourceId":"connector9","stencil":{"id":"Connector"},"pathProperties":{},"pathMappingProperties":{},"xmlProperties":[],"childShapes":[],"bounds":{"lowerRight":{"x":462,"y":390},"upperLeft":{"x":462,"y":332}},"properties":{"stencilid":"Connector","stencilsuperid":"Connector","stencilsuperids":["Connector"],"customstencil":false,"bordercolor":"#000000","notes":"","id":"connector9","name":"occur","name_en_us":"occur","name_it_it":"occur","name_es_es":"occur","name_fr_fr":"occur","name_de_de":"occur","name_i18n-key":"","description":"","fontsize":"12","fontweight":"normal","fontstyle":"normal","fontcolor":"#000000","standardevent":"occur","display_ref_in_diagram":true},"ssextensions":[],"outgoing":[{"resourceId":"entryCriterion4"}],"dockers":[{"x":15,"y":15},{"x":9,"y":14}],"labels":[{"x":426.7124938964844,"y":360.20000648498535,"valign":"bottom","align":"left","ref":"text_name"},{"styles":{"fill":"#000000","size":"12","italic":false,"bold":false},"ref":"text_name"}],"target":{"resourceId":"entryCriterion4"}},{"resourceId":"connector8","stencil":{"id":"Connector"},"pathProperties":{},"pathMappingProperties":{},"xmlProperties":[],"childShapes":[],"bounds":{"lowerRight":{"x":552,"y":317},"upperLeft":{"x":477,"y":317}},"properties":{"stencilid":"Connector","stencilsuperid":"Connector","stencilsuperids":["Connector"],"customstencil":false,"bordercolor":"#000000","notes":"","id":"connector8","name":"occur","name_en_us":"occur","name_it_it":"occur","name_es_es":"occur","name_fr_fr":"occur","name_de_de":"occur","name_i18n-key":"","description":"","fontsize":"12","fontweight":"normal","fontstyle":"normal","fontcolor":"#000000","standardevent":"occur","display_ref_in_diagram":false},"ssextensions":[],"outgoing":[{"resourceId":"exitCriterion3"}],"dockers":[{"x":15,"y":15},{"x":9,"y":14}],"labels":[{"x":501.7125244140625,"y":332.20000648498535,"valign":"bottom","align":"left","ref":"text_name"},{"styles":{"fill":"#000000","size":"12","italic":false,"bold":false},"ref":"text_name"}],"target":{"resourceId":"exitCriterion3"}},{"resourceId":"connector12","stencil":{"id":"Connector"},"pathProperties":{},"pathMappingProperties":{},"xmlProperties":[],"childShapes":[],"bounds":{"lowerRight":{"x":615,"y":220},"upperLeft":{"x":615,"y":155}},"properties":{"stencilid":"Connector","stencilsuperid":"Connector","stencilsuperids":["Connector"],"customstencil":false,"bordercolor":"#000000","notes":"","id":"connector12","name":"occur","name_en_us":"occur","name_it_it":"occur","name_es_es":"occur","name_fr_fr":"occur","name_de_de":"occur","name_i18n-key":"","description":"","fontsize":"12","fontweight":"normal","fontstyle":"normal","fontcolor":"#000000","standardevent":"occur","display_ref_in_diagram":false},"ssextensions":[],"outgoing":[{"resourceId":"exitCriterion5"}],"dockers":[{"x":15.498000000000022,"y":15.500999999999994},{"x":9,"y":14}],"labels":[{"x":719.7500247955322,"y":191.20000648498535,"valign":"bottom","align":"left","ref":"text_name"},{"styles":{"fill":"#000000","size":"12","italic":false,"bold":false},"ref":"text_name"}],"target":{"resourceId":"exitCriterion5"}},{"resourceId":"connector13","stencil":{"id":"Connector"},"pathProperties":{},"pathMappingProperties":{},"xmlProperties":[],"childShapes":[],"bounds":{"lowerRight":{"x":698.0000004768372,"y":139.501},"upperLeft":{"x":630,"y":59}},"properties":{"stencilid":"Connector","stencilsuperid":"Connector","stencilsuperids":["Connector"],"customstencil":false,"bordercolor":"#000000","notes":"","id":"connector13","name":"occur","name_en_us":"occur","name_it_it":"occur","name_es_es":"occur","name_fr_fr":"occur","name_de_de":"occur","name_i18n-key":"","description":"","fontsize":"12","fontweight":"normal","fontstyle":"normal","fontcolor":"#000000","standardevent":"occur","display_ref_in_diagram":false},"ssextensions":[],"outgoing":[{"resourceId":"exitCriterion6"}],"dockers":[{"x":15.498000000000022,"y":15.500999999999994},{"x":698.0000004768372,"y":139.501},{"x":9,"y":14}],"labels":[{"styles":{"fill":"#000000","size":"12","italic":false,"bold":false},"ref":"text_name"}],"target":{"resourceId":"exitCriterion6"}},{"resourceId":"connector10","stencil":{"id":"Connector"},"pathProperties":{},"pathMappingProperties":{},"xmlProperties":[],"childShapes":[],"bounds":{"lowerRight":{"x":1057,"y":139},"upperLeft":{"x":981,"y":139}},"properties":{"stencilid":"Connector","stencilsuperid":"Connector","stencilsuperids":["Connector"],"customstencil":false,"bordercolor":"#000000","notes":"","id":"connector10","name":"complete","name_en_us":"complete","name_it_it":"complete","name_es_es":"complete","name_fr_fr":"complete","name_de_de":"complete","name_i18n-key":"","description":"","fontsize":"12","fontweight":"normal","fontstyle":"normal","fontcolor":"#000000","standardevent":"complete","display_ref_in_diagram":true},"ssextensions":[],"outgoing":[{"resourceId":"exitCriterion7"}],"dockers":[{"x":50,"y":40},{"x":9,"y":14}],"labels":[{"x":997.0312747955322,"y":155.20000648498535,"valign":"bottom","align":"left","ref":"text_name"},{"styles":{"fill":"#000000","size":"12","italic":false,"bold":false},"ref":"text_name"}],"target":{"resourceId":"exitCriterion7"}},{"resourceId":"connector14","stencil":{"id":"Connector"},"pathProperties":{},"pathMappingProperties":{},"xmlProperties":[],"childShapes":[],"bounds":{"lowerRight":{"x":791.2489623298645,"y":220},"upperLeft":{"x":669,"y":155}},"properties":{"stencilid":"Connector","stencilsuperid":"Connector","stencilsuperids":["Connector"],"customstencil":false,"bordercolor":"#000000","notes":"","id":"connector14","name":"occur","name_en_us":"occur","name_it_it":"occur","name_es_es":"occur","name_fr_fr":"occur","name_de_de":"occur","name_i18n-key":"","description":"","fontsize":"12","fontweight":"normal","fontstyle":"normal","fontcolor":"#000000","standardevent":"occur","display_ref_in_diagram":false},"ssextensions":[],"outgoing":[{"resourceId":"exitCriterion8"}],"dockers":[{"x":15.498000000000022,"y":15.500999999999994},{"x":791.2489623298645,"y":199},{"x":669,"y":199},{"x":9,"y":14}],"labels":[{"styles":{"fill":"#000000","size":"12","italic":false,"bold":false},"ref":"text_name"}],"target":{"resourceId":"exitCriterion8"}},{"resourceId":"connector11","stencil":{"id":"Connector"},"pathProperties":{},"pathMappingProperties":{},"xmlProperties":[],"childShapes":[],"bounds":{"lowerRight":{"x":871,"y":139},"upperLeft":{"x":806,"y":139}},"properties":{"stencilid":"Connector","stencilsuperid":"Connector","stencilsuperids":["Connector"],"customstencil":false,"bordercolor":"#000000","notes":"","id":"connector11","name":"","name_en_us":"","name_it_it":"occur","name_es_es":"","name_fr_fr":"occur","name_de_de":"occur","name_i18n-key":"","description":"","fontsize":"12","fontweight":"normal","fontstyle":"normal","fontcolor":"#000000","standardevent":"occur","display_ref_in_diagram":false},"ssextensions":[],"outgoing":[{"resourceId":"entryCriterion5"}],"dockers":[{"x":15.498000000000022,"y":15.500999999999994},{"x":9,"y":14}],"labels":[{"styles":{"fill":"#000000","size":"12","italic":false,"bold":false},"ref":"text_name"}],"target":{"resourceId":"entryCriterion5"}},{"resourceId":"exitCriterion7","stencil":{"id":"ExitCriterion"},"pathProperties":{},"pathMappingProperties":{},"xmlProperties":[],"childShapes":[],"bounds":{"lowerRight":{"x":1075.9999623298645,"y":153},"upperLeft":{"x":1057.9999623298645,"y":125}},"properties":{"stencilid":"ExitCriterion","stencilsuperid":"ExitCriterion","stencilsuperids":["ExitCriterion"],"customstencil":false,"fontsize":"12","notes":"","fontweight":"normal","fontstyle":"normal","fontcolor":"#000000","id":"exitCriterion7","name":"","name_en_us":"","name_it_it":"","name_es_es":"","name_fr_fr":"","name_de_de":"","name_i18n-key":"","description":"","condition":"","triggermode":"deferred","exittype":"default","exiteventtype":"exit"},"ssextensions":[],"outgoing":[],"dockers":[{"x":1029.9079532187536,"y":94}]},{"resourceId":"exitCriterion6","stencil":{"id":"ExitCriterion"},"pathProperties":{},"pathMappingProperties":{},"xmlProperties":[],"childShapes":[],"bounds":{"lowerRight":{"x":707.0000004768372,"y":59},"upperLeft":{"x":689.0000004768372,"y":31}},"properties":{"stencilid":"ExitCriterion","stencilsuperid":"ExitCriterion","stencilsuperids":["ExitCriterion"],"customstencil":false,"fontsize":"12","notes":"","fontweight":"normal","fontstyle":"normal","fontcolor":"#000000","id":"exitCriterion6","name":"","name_en_us":"","name_it_it":"","name_es_es":"","name_fr_fr":"","name_de_de":"","name_i18n-key":"","description":"","condition":"","triggermode":"deferred","exittype":"default","exiteventtype":"exit"},"ssextensions":[],"outgoing":[],"dockers":[{"x":674,"y":-1}]}],"bounds":{"lowerRight":{"x":1485,"y":1050},"upperLeft":{"x":0,"y":0}},"specialproperties":{"casesequence":{"type":"treeview"},"securitypolicy":{"type":"treeview"}},"outputmappingproperties":{"customcaseviewelements":{"type":"formlist","placeholders":[]},"modelstatuselements":{"type":"formlist","placeholders":[]},"allowedhistoricvariables":{"type":"complex","placeholders":[]},"namespaces":{"type":"complex","placeholders":[]}},"properties":{"stencilid":"CASEDiagram","stencilsuperid":"CASEDiagram","stencilsuperids":["CASEDiagram"],"customstencil":false,"owner":"","owner-run":"","notes":"","assignee":"","assignee-run":"","participantusers":"","participantusers-run":"","participantgroups":"","participantgroups-run":"","watcherusers":"","watcherusers-run":"","watchergroups":"","watchergroups-run":"","customcaseviewelements":"","defaultmenunavigationsize":"expanded","customcaseviewheadersize":"","customcaseviewheadersize-run":"","modelstatuselements":"","async":false,"exclusive":"","asyncleave":"","id":"FR_C001","name":"FR_C001 Search Nintendo Witch Case","name_en_us":"","name_it_it":"","name_es_es":"","name_fr_fr":"","name_de_de":"","name_i18n-key":"","description":"","fontsize":"12","fontweight":"normal","fontstyle":"normal","fontcolor":"#000000","labelexpression":"","creationdate":"2022-12-05T14:23:39.676Z","modificationdate":"2022-12-09T10:50:03.171Z","casesequence":"","casesequence-run":"","casesequencevariablename":"","casesequencevariablename-run":"","caseinstancename":"","caseinstancename_en_us":"","caseinstancename_en_us-run":"","caseinstancename_it_it":"","caseinstancename_it_it-run":"","caseinstancename_es_es":"","caseinstancename_es_es-run":"","caseinstancename_fr_fr":"","caseinstancename_fr_fr-run":"","caseinstancename_de_de":"","caseinstancename_de_de-run":"","caseinstancename-run":"","caseinstancename_i18n-key":"","caseinstancebusinessstatus":"","caseinstancebusinessstatus-run":"","caseinstancebusinesskey":"","caseinstancebusinesskey-run":"","securitypolicy":"","allowedhistoricvariables":"","customfolderpath":"","comments-only-on-root":"","documents-only-on-root":"","case_potentialstarteruser":"","case_potentialstarteruser-run":"","case_potentialstartergroup":"flowableUser","case_potentialstartergroup-run":"","do-not-inherit-start-user-as-owner":"","do-not-inherit-start-user-as-assignee":"","version":"","author":"","case_initiatorvariablename":"initiator","case_namespace":"","namespaces":"","casehistorylevel":""},"ssextensions":[],"stencilset":{"url":"./app/editor_stencilset","paletteKey":"flowable-case-palette","namespace":"http://b3mn.org/stencilset/case1.0#"}}}