{"id":"DMN_MODEL-cd165c3b-82c0-47a6-a341-c8245cbac423","name":"FR_D002 Filter Model Table","key":"FR_D002","description":null,"tenantId":"default","editorJson":{"id":"DMN_MODEL-708d193e-6ac3-4d5f-9623-47ab460c914e","modelVersion":"3","name":"FR_D002 Filter Model Table","key":"FR_D002","description":"","forceDMN11":false,"hitIndicator":"FIRST","inputExpressions":[{"id":"1","variableId":"lookFor","variableType":null,"type":"string","label":"model","entries":[],"newVariable":false,"complexExpression":false}],"outputExpressions":[{"id":"2","variableId":"hasModel","variableType":null,"type":"boolean","label":"hasModel","entries":[],"newVariable":false,"complexExpression":false}],"rules":[{"2":"true","1_operator":null,"1_expression":"${flwStringUtils.containsIgnoreCase(jsonName.name, lookFor)}"},{"2":"true","1_operator":null,"1_expression":"${lookFor== 'None' && !flwStringUtils.containsIgnoreCase(jsonName.name, 'OLED') && !flwStringUtils.containsIgnoreCase(jsonName.name, 'Lite')}"},{"2":"false","1_operator":null,"1_expression":"-"}]}}