{"id":"DMN_MODEL-94806aa3-4698-4e6d-82ba-7384de371b6b","name":"FR_D005 Client Able To Buy Decision Table","key":"FR_D005","description":null,"tenantId":"default","editorJson":{"id":"DMN_MODEL-152a5467-fc2d-49fa-aa7b-a4ca9dc36ebe","modelVersion":"3","name":"FR_D005 Client Able To Buy Decision Table","key":"FR_D005","description":"","forceDMN11":false,"hitIndicator":"FIRST","inputExpressions":[{"id":"3","variableId":"savings","variableType":null,"type":"number","label":"Savings","entries":[],"newVariable":false,"complexExpression":false}],"outputExpressions":[{"id":"2","variableId":"eligible","variableType":null,"type":"boolean","label":"Client is eligible?","entries":[],"newVariable":false,"complexExpression":false}],"rules":[{"2":"false","3_expression":1000,"3_operator":"<"},{"2":"false","3_operator":null,"3_expression":"${root.consoleBuy.price > savings}"},{"2":"false","3_operator":null,"3_expression":"${futureExpenses > savings}"},{"2":"false","3_operator":null,"3_expression":"${0.2*debt + futureExpenses > savings}"},{"2":"true","3_operator":null,"3_expression":"-"}]}}