{"id":"DMN_MODEL-82b37fec-045d-416d-81f8-9697754fa1a8","name":"FR_D004 Price Change Table","key":"FR_D004","description":null,"tenantId":"default","editorJson":{"id":"DMN_MODEL-8036885e-5c2a-462f-a6b8-728131b7a5cc","modelVersion":"3","name":"FR_D004 Price Change Table","key":"FR_D004","forceDMN11":false,"hitIndicator":"FIRST","inputExpressions":[{"id":"4","variableId":"previousPrice","variableType":null,"type":"string","label":"previousPrice","entries":[],"newVariable":false,"complexExpression":false},{"id":"3","variableId":"resultMatchPrice","variableType":null,"type":"string","label":"resultMatchPrice","entries":[],"newVariable":false,"complexExpression":false}],"outputExpressions":[{"id":"2","variableId":"priceAnalysis","variableType":null,"type":"string","label":"priceAnalysis","entries":["This product is still out of stock","This product is in stock now!","This product is out of stock now :C","This product is still available!"],"newVariable":false,"complexExpression":false},{"id":"5","variableId":"htmlWarning","variableType":null,"type":"boolean","label":"htmlWarning","entries":[],"newVariable":false,"complexExpression":false}],"rules":[{"2":"This product is still out of stock","5":"true","3_operator":null,"3_expression":"${resultMatchPrice == null}","4_expression":"${previousPrice == null}","4_operator":null},{"2":"This product is in stock now!","5":"false","3_operator":null,"3_expression":"${resultMatchPrice != null}","4_expression":"${previousPrice == null}","4_operator":null},{"2":"This product is out of stock now :C","5":"true","3_operator":null,"3_expression":"${resultMatchPrice == null}","4_operator":null,"4_expression":"${previousPrice != null}"},{"2":"${processWebDataService.getHigher(previousPrice, resultMatchPrice)}","5":"true","4_operator":null,"4_expression":"-","3_operator":null,"3_expression":"${previousPrice < resultMatchPrice}"},{"2":"${processWebDataService.getLower(previousPrice, resultMatchPrice)}","5":"false","4_operator":null,"4_expression":"-","3_operator":null,"3_expression":"${previousPrice > resultMatchPrice}"},{"2":"This product is still available!","5":"false","4_operator":null,"4_expression":"-","3_operator":null,"3_expression":"${previousPrice == resultMatchPrice}"}]}}