{"id":"DMN_MODEL-6bb56b4f-ccad-4015-854b-1ea8f7553d0f","name":"FR_D003 Verify If Still For Sale Table","key":"FR_D003","description":null,"tenantId":"default","editorJson":{"id":"DMN_MODEL-eee5b9f5-1bb4-48aa-b832-818795e93a50","modelVersion":"3","name":"FR_D003 Verify If Still For Sale Table","key":"FR_D003","description":"","forceDMN11":false,"hitIndicator":"FIRST","inputExpressions":[{"id":"4","variableId":"previousStore","variableType":null,"type":"string","label":"previousStore","entries":[],"newVariable":false,"complexExpression":false},{"id":"3","variableId":"previousName","variableType":null,"type":"string","label":"previousName","entries":[],"newVariable":false,"complexExpression":false}],"outputExpressions":[{"id":"2","variableId":"forSale","variableType":null,"type":"boolean","label":"stillForSale","entries":[],"newVariable":false,"complexExpression":false}],"rules":[{"2":"true","3_operator":null,"3_expression":"${previousName == currentName}","4_expression":"${previousStore == currentStore}","4_operator":null},{"2":"false","3_operator":null,"3_expression":"-","4_expression":"-","4_operator":null}]}}