{"id":"DMN_MODEL-cf8d7f96-40ad-4e3a-98ca-b58427ac52cc","name":"FR_D001 Media Markt Decision Table","key":"FR_D001","description":null,"tenantId":"default","editorJson":{"id":"DMN_MODEL-c7df1abc-ad26-483e-85fd-52a76b588462","modelVersion":"3","name":"FR_D001 Media Markt Decision Table","key":"FR_D001","forceDMN11":false,"hitIndicator":"FIRST","inputExpressions":[{"id":"4","variableId":"maxPrice","variableType":null,"type":"number","label":"maxPrice","entries":[],"newVariable":false,"complexExpression":false},{"id":"3","variableId":"mediaPrice","variableType":null,"type":"number","label":"mediaPrice","entries":[],"newVariable":false,"complexExpression":false}],"outputExpressions":[{"id":"2","variableId":"checksPrice","variableType":null,"type":"boolean","label":"checksPrice","entries":[],"newVariable":false,"complexExpression":false}],"rules":[{"2":"false","3_expression":"${mediaPrice == null}","3_operator":null,"4_expression":"-","4_operator":null},{"2":"true","3_operator":">","3_expression":0,"4_operator":null,"4_expression":"${maxPrice == null}"},{"2":"false","4_operator":null,"4_expression":"${maxPrice <= mediaPrice}","3_operator":"==","3_expression":"-"},{"2":"true","4_operator":null,"4_expression":"${maxPrice > mediaPrice}","3_operator":null,"3_expression":"-"}]}}